"","V1","V2","V3","V4","V5","V6","V7","V8","V9","V10","V11","V12","V13","V14","V15","V16","V17","V18","V19","V20","V21","V22","V23","V24","V25","V26","V27","V28","V29","V30","V31","V32","V33","V34","V35","V36","V37","V38","V39","V40","V41","V42","V43","V44","V45","V46","V47","V48","V49","V50","V51","V52","V53","V54","V55","V56","V57","V58","V59","V60","V61","V62","V63","V64","V65","V66"
"1",0,0,0.217445167090184,0.266666666666667,0.134978531581044,0.0154300246219103,0.0167799647362452,0.176794037306051,0.127126039707235,0.0753464905291808,0.183659166810898,0.17233083338141,0.438997500048077,0.0551737777274689,0.196387496764269,0.347833444979152,0.142780630005086,0.0358168079323551,0,0.146644822989091,0.171942481953084,0.37020951768091,0.133333333333333,0.0422853196817893,0.0319199914182738,0.238997500048077,0.133333333333333,0.131578332993873,0.13386328704196,0.378668653488547,0.364968812404463,0.351595269795806,0.273163585428604,0.0635483609620977,0.455766751181141,0.430509158732784,0.30912192819205,0.243690121907504,0.0031831572737296,0.316930447191332,0.0154300246219103,0.0603572535720325,0.103204843405661,0.289751751469604,0,0.120918746081136,0.302188325159065,0.0723807473729359,0.0990569296063935,0.133333333333333,0.325149304056203,0.395775862600171,0.410133539563003,0.216340833189102,0.294375899800892,0.182333846463376,0.0323967540359916,0.339077755145355,0.00875568983379725,0.233985000288463,0.37233083338141,0.173165682832071,0.183659166810898,0,0.118835601514401,0.337237592832974
"2",0.496605608140367,0,0.665489952878554,0.705664166714744,0.749038317080952,0.098569245557485,0.405447724947866,0.621868304499189,0.702976687518851,0.605272455834974,0.900651666955129,0.533013455433145,0.933053521948781,0.724230032127104,0.438094462445502,0.365661862540002,0.809447296671753,0.316030802764804,0,0.67769710863323,0.630120807304458,0.658846024611429,0.617215749155398,0.353436891190984,0,0.587585412747803,1.05472056387407,0.38115977698618,0.340517078690392,1.02779969309963,0.681961312548695,0.974720421114379,0.476701479937182,0.134021657722633,0.860459373040568,0.936173325447528,0.993364288429939,0.729537613877467,0.00214465258986975,0.548565926262461,0.123506960105654,0.556396431699006,0.499278597468757,0.555223624269786,0.27240144691585,0.676908746273444,0.768854991825732,0.45841142183843,0.609500271787074,0.527463997685794,0.370416150683279,1.23249231495905,0.860459373040568,0.583659166810898,0.853097352063621,0.728978669452467,0.353645704951447,0.339077755145355,0.331053480242907,0.583659166810898,0.689323333525642,0.515437761861923,0.615763130341626,0.40097645173096,0.455706829356313,1.00360636803672
"3",0.33167686225154,0.775080365530203,0,0.268649822892937,0.644568944232692,0.240819338150073,0.292679362203463,0.30728737852519,0.753302520996416,0.0835873338313164,0.928320833573719,0.526806161807047,0.653863727986143,0.909065912726114,0.733196671653281,0.284917330295056,0.683516050831003,0.169516506256751,0,0.965825648292388,0.736979767885686,0.348507316115631,0.741632323229476,0.392434391239061,0.350226901272025,0.865580412843957,0.682389730492657,0.0992385309531209,0.572878867168408,0.788802193051551,0.488168606174793,0.516542095763005,0.719625225922163,0.428357491007889,0.382464372944414,0.819180825303297,0.13911220901547,0.81373990759972,0.400201562879235,0.241706965681233,0.0973123987381011,0.274475185665948,0.571066303938812,0.389100084514475,0.513251576709159,0.759916246129213,0.724844992018041,0.252164061696696,0.683888903846511,0.809385243718853,0.454618444405532,0.809835648100079,0.621461872992491,0.850325833477565,0.586430685396954,0.624509296604207,0.470249853667351,0.0672900486752995,0.0710445115835654,0.633985000288463,0.694335833285256,0.447594381407144,0.960424797104447,0.371792613345698,0.402311585829768,0.421141995092303
"4",0.410078293854392,0.463506796652284,0.361020580030295,0,0.549038317080952,0.111390264316381,0.536797902054929,0.585282378621344,0.595009486677649,0.202522923686182,0.669056254399635,0.388351788670325,0.563752032100715,0.615816333263568,0.58853500489046,0.536797902054929,0.600508550975234,0.335937937474987,0,0.889025442062718,0.36966143426389,0.519305397651997,0.692501283618396,0.353436891190984,0,0.854252079414469,0.418004111515184,0.27669040413792,0.145529578450007,0.961133026432961,0.534568193715453,0.414804174985166,0.348489186407237,0.228357491007889,0.837014343821807,0.858178325351374,0.398376788189554,0.901868447258877,0,0.531030299206875,0.107805882716928,0.423063098365673,0.34098556314999,0.484630711666215,0.129254451919701,0.676908746273444,0.609047285740293,0.239659014479096,0.244103041438648,0.667433042589189,0.476080317398023,0.526828148244311,0.860459373040568,0.716992500144231,0.649171106126716,0.579304502930031,0.506497821566636,0.205744421812022,0.0654330008833147,0.450325833477565,0.744661666762821,0.222634680421711,0.601703344841718,0.207612163301021,0.32237349602298,0.582144495044226
"5",0.1780764497922,0.402749532148792,0.483025579934141,0.612116695789274,0,0.346483504864817,0.233414783029379,0.679618211906601,0.590654822796783,0.150569972039279,0.900651666955129,0.582144495044226,0.943187061511784,0.392091492660255,0.481784584353006,0.323824370377731,0.637116463290342,0.291201628260409,0,0.736961687807314,0.563454140637791,0.695900434948872,0.385642323037168,0.631431891287139,0.0558910679867687,1.1712445795587,0.999382230636888,0.528102491438195,0.347941152620239,0.894466359766294,0.364968812404463,0.773525627247895,0.664286892684984,0.27584333237126,0.268947714355861,0.55251415863663,0.466238248722705,0.729537613877467,0.105865729593979,0.414037799062644,0.10584080656903,0.28972976503234,0.577273597564911,0.333761751277296,0.178831989553116,0.543575412940111,0.941185825207143,0.386623715368375,0.469509240446416,0.492392743574622,0.693615944453609,0.926828148244311,0.727126039707235,0.900651666955129,0.576297145833951,0.940307002881954,0.436264853378889,0.339077755145355,0.103384313624318,0.767318333621796,0.794987500240386,0.407402087492583,0.932755630485857,0.266128446630955,0.249499535730214,0.525611367940562
"6",0.0167799647362452,0.297513783378011,0.0842022937222529,0,0.0943358332852563,0,0.0167799647362452,0.07680020622967,0.115329221818149,0.0283318756483764,0,0.211328333429488,0.255338333237179,0,0.307830539161149,0.339077755145355,0.105664166714744,0,0,0.0901116958854277,0,0.169900715579983,0.186368632444054,0,0.00872510452358668,0.260008968659342,0.0503258334775646,0.0465778631605484,0.125868412211884,0.259264579174084,0,0.105664166714744,0.12035153532905,0.197640120101617,0.21482616142243,0.133333333333333,0.0368838173407688,0.148587912699725,0.00190970338650428,0.0811328836732727,0.00740574971946234,0.0136778546468201,0,0.0765720503428602,0.049393101968137,0.137259579270238,0.277995000096154,0,0,0.241238481221636,0.254252079414469,0,0.210133539563003,0.216340833189102,0.133333333333333,0.159745653132539,0.32229779040911,0.00802427490244786,0.00875568983379725,0.183659166810898,0.15086896038892,0.0815613016172349,0.276113963338419,0.0309935921426825,0.133333333333333,0
"7",0.0167799647362452,0.107607256425378,0.095440167186338,0.152405618592856,0.134978531581044,0.0154300246219103,0,0.133333333333333,0.17233083338141,0.274986546113357,0.183659166810898,0.223423042781497,0.463997267549146,0.0364433568053985,0.00129145648010925,0.0351697159196314,0,0.0123898587919658,0,0.262442529266838,0.382504439460049,0.458029255239141,0.294015955385068,0.0422853196817893,0.069098890749791,0.238997500048077,0.2168093176487,0.110904822361168,0.204754091108455,0.435201780592211,0.222188182399377,0.285357021073101,0.41588216248079,0,0.455766751181141,0.35251415863663,0.0962789229958907,0.31035678857417,0.0251930640532183,0.0109683890136637,0.346483504864817,0.0640036881243847,0.141413981093952,0.00958550577600539,0.0212539034657497,0.0503258334775646,0.196524158444322,0.157371403454975,0.274863604543482,0,0.304258034991846,0.288128539659158,0.27680020622967,0.4,0.119295534270689,0.223274436222087,0.165730087369325,0.339077755145355,0.0183897511833863,0.0503258334775646,0.238997500048077,0.201154727350848,0.289323333525642,0.0162310310973522,0.201883167885806,0.298240092784897
"8",0.107614063669667,0.312209418319402,0.376166619352912,0.330195449756215,0.510040817032875,0.0445285039994298,0.0809846637829128,0,0.395775862600171,0.489474749557227,0.577001468803573,0.437482828281405,0.756796442630466,0.5721662778717,0.438094462445502,0.30223519891899,0.508453765379172,0.336834839878547,0,0.948290021236801,0.461265815478726,0.786738440241186,0.704915870870594,0.130780224332009,0.101055795145309,0.622656666858975,0.534996611659415,0,0.335526565368042,0.835201780592211,0.707985280919574,0.924394587636814,0.4798393635143,0.132506985955961,0.78517383857757,0.807852491873809,0.421033455048529,0.6628709472108,0.105139420187093,0.217513640618322,0.213150171531484,0.424577770132345,0.407652229816657,0.195735796084536,0.285970761518896,0.415254579366392,0.547393118833241,0.409730786608576,0.473377339789313,0.356327958170868,0.719770439305526,0.726828148244311,0.860459373040568,0.767318333621796,0.543506939411972,0.619388256800818,0.454617249806764,0.339077755145355,0.0569226731307577,0.583659166810898,0.661654166907052,0.3193820878772,0.577960424160033,0.305125946679032,0.397618963970342,0.627349288718402
"9",0.0681480791619918,0.430418698767382,0.5874949527824,0.603497827992942,0.50338311902555,0.0797547852452509,0.0212980872401056,0.2277557202251,0,0.112879712260352,0.49279917508132,0.582144495044226,0.636328100930556,0.427911042615578,0.577206671460972,0.290398314514269,0.416849384164336,0.296980503942545,0,0.738156481673798,0.5419922676453,0.147312522249146,0.570816161614738,0.23881589870135,0.268734073182928,0.432790206421978,0.521387230540734,0.151079036197358,0.183012406731412,0.839128026529115,0.60396631245254,0.718187294010715,0.530953559351651,0.0599309171261196,0.668181338433339,0.536173325447528,0.606973669548621,0.719404074314464,0.156511440971732,0.294313846847992,0.174152671483407,0.0631468522364603,0.182286097324525,0.335254436606704,0.101156867357149,0.187585412747802,0.435521658492399,0.243545193900365,0.180636311302,0.527463997685794,0.454618444405532,0.67769710863323,0.727126039707235,0.928320833573719,0.592637979023053,0.536380756945049,0.384402361697388,0.233413588430611,0.046422768576692,0.528320833573719,0.661654166907052,0.27406875415925,0.766632090730545,0.396730327893868,0.366383495830671,0.404692621859427
"10",0.073070118956204,0.0931591194971438,0.442066910097057,0.259692997118046,0.154795206325824,0.346483504864817,0.0945319919486948,0.247644774856911,0.0846526981034791,0,0.302932714644323,0.133013455433145,0.210939982001161,0.255602195671431,0.269261457057034,0.0555125054633537,0.381778130053163,0.357033445476415,0,0.472576068829841,0.406247360141734,0.000261267753357305,0.00631583366987288,0.631431891287139,0.0226724436208282,0.467861460533151,0.267135151126265,0.191271330111919,0,0.163414074122155,0.2,0.375468716958529,0.12930836110394,0.157427882473734,0.0869337457926733,0.133333333333333,0.213180963174719,0.193364288429939,0.0237612673407851,0.240152227398926,0.0100758883314648,0.128320833573719,0.379685171735143,0.167598145006348,0,0.493249579462546,0.294335833285256,0.0587493798169902,0.286210018051341,0.299794831067205,0.35130379890812,0.195775862600171,0.343466872896337,0.316992500144231,0.412116695789273,0.337895428711722,0.110892551963139,0.0228296444863816,0.0275838076108474,0.4,0.638997500048077,0.0101115531257393,0.243432296960215,0.177233531049275,0.229294509557107,0.271359288526093
"11",0.276788933395587,0.591421198719305,0.826492452830477,0.580521283233779,0.827033317177106,0.0864745362054756,0.276788933395587,0.406293847232609,0.623445029218761,0.305815582746329,0,0.437482828281405,0.759527894700886,0.801030238356774,0.602594790390368,0.353138735244031,0.915111463386497,0.340332667871489,0,0.853954187951545,0.562259346771307,0.601564601663616,1.01962732332563,0.421298351724135,0.262098361612867,1.03791124622537,0.534996611659416,0.317968951875191,0.354148446246338,1.07812552657719,0.865620479359593,0.99618229410687,0.50949168635916,0.284890618111553,0.831595412555494,1.12484499201804,0.860030955096606,0.740865947306955,0.132340102346084,0.615232592929128,0.162824338053919,0.423063098365673,0.482937764279655,0.545090084706783,0.159651164249819,0.810242079606777,0.885847491969963,0.352747255123687,0.368857573491286,0.637054410337443,0.799280111168353,0.821163981529567,0.860459373040568,0.900651666955129,0.797759018826441,0.873640336215287,0.536916520334018,0.205744421812022,0.0710445115835654,0.633985000288463,0.794987500240386,0.485397087588737,0.749096463674959,0.540197200790204,0.57150453563406,0.831275534655306
"12",0.423731647847602,0.575080365530203,0.771154119593298,0.391849616663267,0.721369150462362,0.0689169227126253,0.536797902054929,0.585282378621344,0.85896668771116,0.240343709946147,0.833985000288462,0,0.614866227938066,0.867696905023441,0.525794584160698,0.497800402006851,1.04844479671983,0.0673501675349495,0,0.709292521188724,0.591123307256381,0.611698141226619,1.07496565656281,0.37097251824657,0.111229401223948,0.959916246129213,0.760384730588811,0.417425824963836,0.494883867072254,1.13346385981437,1.08196131254869,0.763392087684891,0.55862272597024,0.239685824437377,0.75360041245934,1.06950665878086,0.899028455144683,0.901868447258877,0.171337602394162,0.692032799158798,0.10584080656903,0.545068098269519,0.401016518246596,0.316226124221709,0.302351661223634,0.676908746273444,0.991511658684707,0.38161121560876,0.537712565317018,0.692392743574622,0.615620944357455,0.899158981625721,0.727126039707235,0.438997500048077,1.06442568549311,0.556647836071056,0.254995274300959,0.244741921860099,0.0959822261317346,0.633985000288463,0.611328333429488,0.266216262285441,0.988093963723036,0.283664073686541,0.54383536901547,1.10927053475146
"13",0.259957629309623,0.50960849273002,0.642833286019579,0.571136039514926,0.615704983747618,0.346483504864817,0.458802901958775,0.863277378717499,0.580971687615006,0.113217670238912,0.900651666955129,0.304149494948072,0,0.74176565918269,0.476663544549617,0.325469568625441,0.660967924015802,0.394476207242184,0,0.948290021236801,0.479251846915538,0.115717109693652,0.614506283522242,0.421298351724135,0.0184082397053639,0.959916246129213,0.450794317937163,0.061435824771528,0.232143446342492,0.894466359766295,0.498302145737797,0.851520627344049,0.252958559255497,0.259952903563384,0.654571957314657,0.830509158732784,0.543038454952374,0.901868447258877,0.0192518617014938,0.319701965777388,0.064950610260085,0.533739764840031,0.246221311920772,0.582892790888376,0.253220621612553,0.704577912892034,0.663190825110988,0.314944548942094,0.411781319476268,0.661992124885612,0.472154071461118,1.1381564816738,0.888128539659158,0.794987500240386,0.670632979119207,0.484968669644775,0.212071528315978,0.166746921763944,0.0698277312798172,0.633985000288463,0.822656666858975,0.447594381407144,0.932755630485857,0.789328240401285,0.479449750037998,0.616020955288914
"14",0.0864035950492256,0.620285159204378,0.387026468322802,0.399233624077478,0.0959810315329666,0.185649466781497,0.0836941294160692,0.495959045095703,0.441728952118497,0.0574729054950347,0.412523127295972,0.482687621955581,0.545468109200979,0,0.638820771852389,0.383259542548488,0.464785629908932,0.0889205805712145,0,0.394581068733687,0.514323101026711,0.481034207010806,0.565375243911161,0.464113557665343,0.271037107309387,1.01525457936639,0.36659202421491,0.382652462315588,0.284412369530691,0.603926245936905,0.35552151573271,0.513752497098577,0.48182251974057,0.534021657722633,0.418283922899737,0.563842492066118,0.249428931074004,0.403606368036717,0.123292816605791,0.288106553221893,0,0.168811018951204,0.305125946679032,0.200388351428326,0.309455857253292,0.532247079510623,0.636716452358883,0.00537612272770941,0.529990599924247,0.415592537344952,0.574342396620183,0.50536627525182,0.593792706373901,0.716992500144231,0.543506939411972,0.526247217382046,0.546283683974499,0.339077755145355,0.060888985583298,0.661654166907052,0.505664166714744,0.275263548025734,0.788093963723036,0.404114335308079,0.252168934847735,0.451520627344049
"15",0.536797902054929,0.281064410145134,0.334437667234415,0.713854616567113,0.472238110851282,0.213150171531484,0.234842901189541,0.388442248635727,0.194581068733687,0.204117728484126,0.716992500144231,0.443690121907504,0.432401854993652,0.590856632278135,0,0.0374557042090725,0.0924547965275216,0,0,0.611030441966564,0.411368399945123,0.0834858476966743,0.216020955288914,0.253620073686515,0.0706086893654244,0.238997500048077,0.949056397159323,0.0769882956008441,0.230160290116222,0.584875947114646,0.306790487053089,0.414804174985166,0.402610739340668,0.0575095292046015,0.394541002218051,0.654252079414469,0.246291047496886,0.891734907695874,0.0523800261020319,0.202709465633156,0.15115414028698,0.410539971069702,0.169511565656504,0.173913978676221,0.355746904750178,0.465580412843957,0.226474372752105,0,0.273417406304948,0.506002124693304,0.149342629119114,0.7544973148629,0.543466872896337,0.583659166810898,0.290449653863987,0.336380756945049,0.202279853090426,0.0371227542799674,0.331053480242907,0.349674166522435,0.52319979377033,0.199211637640214,0.349096463674959,0.605029317790011,0.213211501315293,0.419947201225819
"16",0.347833444979152,0.173525627247895,0.165564595330311,0.278376930949242,0.308395618785164,0.0154300246219103,0.347833444979152,0.300760206998903,0.156778362552094,0.141991170758583,0.393342301992675,0.0612257489630899,0.0943358332852563,0.392541897041481,0,0,0.133333333333333,0,0,0.599702108537076,0.0444784842672896,0.0313047401629613,0.358699465825465,0.0422853196817893,0.0147271954922862,0.146942714452015,0.478463484555752,0.0655085461397712,0.145489511934371,0.236288034414921,0.0522004496600606,0.351595269795806,0.0872233709285115,0.0198331260220114,0.21482616142243,0.277995000096154,0.170217150674102,0.455018455336991,0.0251930640532183,0.167318333621796,0.0154300246219103,0.351235325379982,0.0481863880686701,0.0915067518090641,0.355741964149932,0.320918746081136,0.0943358332852563,0.057554585950506,0.0222567233767235,0.133333333333333,0.0281440716534262,0.434773362648248,0.315797706277747,0.266666666666667,0.0553783997528149,0.298857862148009,0.0323967540359916,0.0167799647362451,0.00875568983379725,0.133333333333333,0.316992500144231,0.201303333910258,0.183659166810898,0.431563612366944,0.109570557342456,0.252737407647797
"17",0.276788933395587,0.485757032004561,0.516902040178829,0.541523783185702,0.63204581693672,0.213150171531484,0.260683938716509,0.489301347088378,0.282709608392845,0.362799114231219,1.03398500028846,0.637482828281405,0.638717688663525,0.583494611301188,0.36359729034229,0.288353105335099,0,0.0657553627370059,0,0.83129752109257,0.957246847011692,0.477170014026801,0.769301489848066,0.498098557953805,0.206760028375688,0.720918746081136,0.866048897303555,0.330383539127389,0.565476779675825,0.866797193147705,0.57465194758624,0.847594381407144,0.664286892684984,0.227591115085367,0.645204793674176,0.885847491969963,0.289981169404389,0.913196780688365,0.126132808719986,0.501715934340575,0.213150171531484,0.492010812721534,0.277816724476266,0.25924259273682,0.348322830820331,0.943575412940111,0.591511658684707,0.138687469623779,0.419183406968851,0.532585037489183,0.650692198468627,0.809835648100079,0.993792706373901,0.850325833477565,0.75483527284146,0.806973669548621,0.507602155467718,0.339077755145355,0.0904107819471196,0.716992500144231,0.794987500240386,0.430058754351558,0.776765630293549,0.726137415290296,0.277168702348804,0.56460886798864
"18",0.0455935317715522,0.401104333901082,0.302075878756399,0.447914259307332,0.338904777517948,0.346483504864817,0.0972414575818512,0.483950889350203,0.340437529362992,0.319018532358313,0.684310833766027,0.437482828281405,0.491666434167736,0.173789489682147,0.330829070357576,0.358434144308415,0.238997500048077,0,0,0.583361275347974,0.49553062715174,0.288069929512327,0.582910870966748,0.345754992313849,0.0979579780838259,0.432790206421978,0.599382230636888,0.115219419726399,0.357584221286381,0.655468859718217,0.185533782993394,0.369559314795354,0.33716085297775,0.319163696111654,0.608150383336733,0.4,0.156647836071056,0.758401574362541,0.0748085370741971,0.178966544951471,0.220324103137257,0.302892648128688,0.315727970701633,0.169689841276392,0.402596896672064,0.42658291279588,0.386390618881318,0.0654755513524535,0.552178782323625,0.337597537248798,0.240580645342888,0.676502314766746,0.44913103961108,0.477995000096154,0.494375899800892,0.50979784414917,0.495569499068608,0.0213149727197094,0.0426671156364612,0.533333333333333,0.544661666762821,0.261203762525826,0.425446265523403,0.526267941771334,0.24657999428862,0.313494672151289
"19",0,0,0,0,0,0,0,0,0,0,0,0,0,0,0,0,0,0,0,0,0,0,0,0,0,0,0,0,0,0,0,0,0,0,0,0,0,0,0,0,0,0,0,0,0,0,0,0,0,0,0,0,0,0,0,0,0,0,0,0,0,0,0,0,0,0
"20",0.388209989355203,0.15982578616381,0.671697246504653,0.840980656274347,0.498712483603387,0.156617044427821,0.160540822736614,0.718615711954678,0.448833148148156,0.330753297294498,0.739649167003206,0.437482828281405,0.759527894700886,0.346778158942305,0.382327711264361,0.247474568529287,0.464785629908932,0.28608058845702,0,0,0.573587680200794,0.523569601567462,0.536511283426088,0.441565430850142,0.05077002818338,0.732247079510623,0.498730563681759,0.40097645173096,0.14282011281685,1.30579469319578,0.60396631245254,0.773525627247895,0.519625225922163,0.202969372078494,0.725931245840751,0.802839992114195,0.705235748770782,0.807532613973621,0.0555398961164145,0.519701965777387,0.0840409755979792,0.302144352284537,0.310606930898244,0.410561957506965,0.208782203860899,0.837911246225367,0.619180825303297,0.374507019579101,0.515055898458044,0.570387743670776,0.511151571509195,1.02116398152957,0.860459373040568,0.477995000096154,0.88076651868221,0.75784262993754,0.282664440919549,0.339077755145355,0.331053480242907,0.900651666955129,0.661654166907052,0.413717921162456,0.721427297056369,0.43453303407546,0.483375995974902,0.90927053475146
"21",0.219805401910697,0.620285159204378,0.367227873656393,0.541523783185702,0.221912277373717,0.0724147507055677,0.148446113384604,0.544639680325557,0.577045441678101,0.254272968965016,0.583659166810898,0.482687621955581,0.837522894797041,0.351899198745693,0.567501549841931,0.380469943884061,0.542780630005086,0.113709688559974,0,0.736961687807314,0,0.396443561860227,0.582910870966748,0.188468078786521,0.17396982195371,0.642923745984982,0.7880538972074,0.0637168724607222,0.434852911975648,0.944792193243859,0.376297145833951,0.557184794058792,0.327027313414746,0.361690824341223,0.504447386410996,0.55251415863663,0.409705121619041,0.885527614069775,0.148658949097923,0.448022799351106,0.098569245557485,0.495937058658439,0.247416105787256,0.339969044903394,0.491023327794146,0.676908746273444,1.08584749196996,0.206868808057118,0.264370120564655,0.520061910193211,0.429230325476136,0.660161481577644,0.44913103961108,0.767318333621796,0.564968812404463,0.725052423515562,0.490516932793358,0.047473373930519,0.0779961946949221,0.900651666955129,0.555990000192308,0.347051254495789,0.643432296960215,0.583120946775186,0.247516379503944,0.697942201321973
"22",0.0988071065021615,0.182035955000452,0.201104333901082,0.242923745984982,0.215704983747618,0.0207804149108767,0.377109811812525,0.307675729953517,0.338047941630024,0.103785939429185,0.511980000384617,0.131818661566661,0.457339569541821,0,0.225251457249343,0.049545540410043,0.515111463386496,0.145705112046928,0,0.642625854522058,0.526737688278908,0,0.139220749059244,0.177608229816631,0.0332744676434294,0.305664166714744,0.477268690689268,0.359697903993689,0.204005795264305,0.223873447162723,0.2791213204345,0.279149727447003,0.176118286510191,0,0.516483949168998,0.313516658588553,0.279081253918864,0.345878447066569,0.0783063650671394,0.302892648128688,0.213150171531484,0.625006188076307,0.196752314331131,0.315757639762111,0.117966185005849,0.528320833573719,0.20273145207042,0.0650471334084913,0.189215112582695,0.151635336311442,0,0.550571068925996,0.44913103961108,0.266666666666667,0.227709233134225,0.307516796459976,0.361447803375489,0.0143818332395477,0.0433934250433474,0.438997500048077,0.573525627247895,0.128320833573719,0.191889683178903,0.250535909286003,0.129009207593041,0.431275534655306
"23",0.345736647751448,0.117330458122791,0.493159119497144,0.640980656274347,0.43204581693672,0.133640499668658,0.0439767405363446,0.293227593025282,0.154817192763088,0.135107961175365,0.606315833669873,0.609813661662815,0.855058521852627,0.429894198841848,0.510968422738268,0.356276618821149,0.554108963434574,0.352747255123687,0,0.821163981529567,0.359527894700886,0.248284067104464,0,0.482843978587413,0.0203913959316339,0.393792706373901,0.976725563777913,0.274278829967688,0,0.561133026432961,0.80396631245254,0.851520627344049,0.369951059399728,0.0127649536629376,0.589866460436997,0.646849991921886,0.599571582056038,0.701868447258877,0.0606609359198032,0.60390425949964,0.0571601713391756,0.576213106443787,0.359737970509325,0.468289878477113,0.179151867453304,0.810242079606777,0.95251415863663,0.230273770760243,0.197703453897988,0.586728576859878,0.455813238272016,0.938156481673798,0.860459373040568,0.716992500144231,0.669438185252723,0.698578050763457,0.20040523690793,0.194416088382534,0.331053480242907,0.767318333621796,0.928320833573719,0.360660635614471,0.433298757397212,0.351525534219692,0.455706829356313,0.715477828377559
"24",0.0809846637829128,0.669416198815459,0.0842022937222529,0.145450029122607,0.362647698199633,0.0257820666778509,0.0809846637829128,0.146284878573267,0.418305909337001,0.086725217408435,0.545856460629305,0.399680122099812,0.404732688375062,0.353544396993404,0.642747017789293,0.369371028389359,0.458127931901607,0.101335167823412,0,0.533035441870409,0.531818661566661,0.198386651570861,0.438249204203927,0,0.273426695042355,0.64639958754066,0.274537238618848,0.16667157354231,0.47085073755086,0.56734032005906,0.384785487149244,0.440192293914561,0.513417932296065,0.302317705123365,0.247914259307332,0.630509158732784,0.182333846463376,0.525611367940563,0.352835337358901,0.199171571124578,0.0357530517646451,0.175446730521265,0.204176388260978,0.353668885987478,0.282466512950715,0.242923745984982,0.674519158540476,0.178833276447466,0.280093184390645,0.439335458026637,0.252206870235299,0.372032941918486,0.343466872896337,0.666666666666667,0.364968812404463,0.496576814458815,0.447959551799439,0,0.0441817874031334,0.367318333621796,0.256533127103663,0.385940214500092,0.960424797104447,0.290299785256602,0.437742784356764,0.222228248915013
"25",0.325121796895596,0.0795096718628264,0.178447667042107,0.458109851823235,0.233240610803205,0.0289747711221379,0.0313680264260094,0.236654399405983,0.0476163678444082,0.0710822866137165,0.462848960773536,0.200766375922522,0.496656947490086,0.120754190571426,0.300428451668566,0.362300696227113,0.37164459049016,0.0853542790501337,0,0.195775862600171,0.105704233230379,0.136412606763621,0.0826876219555807,0.0422853196817893,0,0.0553383332371792,0.473342444752363,0.139790769283506,0.0157625466377542,0.347073240933053,0.349714233038071,0.202709465633156,0.104758997984098,0.0569663685686425,0.380909634662106,0.42658291279588,0.405778875682137,0.448811161710892,0,0.3083736323479,0.004981708116379,0.158659399309829,0.185423980901644,0.39891374617729,0.114996218367569,0.231595412555494,0.36535716383279,0.0400189588949198,0.139017161275253,0.41318096317472,0.107635663437881,0.585642323037168,0.327126039707235,0.161002499951923,0.35483527284146,0.225555483911281,0.104132449111054,0.00357804936561616,0.331053480242907,0.450325833477565,0.12319979377033,0,0.24646164049356,0.241158931894236,0.0904801920045613,0.440192293914561
"26",0.389855187602913,0.297085365434048,0.626492452830477,0.839785862407863,0.827033317177106,0.10584080656903,0.215879155973793,0.55368696606585,0.359509814622515,0.429015376516659,0.950977500432694,0.476480328329482,0.89286122803422,0.516827944634521,0.515661044597694,0.437341028966284,0.915111463386496,0.174209128116177,0,0.759618354666289,0.401256846819384,0.519643355630557,0.603177950092754,0.145584399317175,0.125289186723856,0,0.84339223044458,0.341711872556876,0.481274485953572,1.02779969309963,1.03163547907113,0.679189793962638,0.441630225826009,0.0809643721746482,1.04292374598498,0.936173325447528,0.731710121522887,1.0465301140217,0.305865729593979,0.797696965873542,0.0662074570794689,0.619136852428769,0.287950264039269,0.766551957699274,0.479825520845697,0.943575412940111,0.885847491969963,0.13356642982039,0.395440486287166,0.864723576956032,0.187951777738865,1.1381564816738,0.860459373040568,0.900651666955129,1.0920948521117,0.78551179655613,0.472530901356546,0.128944215582352,0.331053480242907,0.422656666858975,0.689323333525642,0.431253548218042,0.92142729705637,0.693797613249544,0.328580789649078,0.897942201321973
"27",0.19166775083251,0.480744532244946,0.665489952878554,0.425726076907955,0.960366650510439,0.0906766871680402,0.353138735244031,0.532225093073359,0.725633354377826,0.607553503524168,0.486591881455221,0.421141995092303,0.500263315526803,0.918022738501005,0.786253957201265,0.403464568721595,0.965437296864061,0.556673501060591,0,0.83129752109257,0.718249346963615,0.684572101519385,1.02463982308524,0.184581899365252,0.12757023441305,0.881921246033059,0,0.290299785256602,0.26493365276447,1.37246135986245,1.08196131254869,0.99618229410687,0.415155853073904,0.263428745119062,1.1875854127478,1.2028399921142,0.965695121811349,0.78607074098113,0.0683829013125743,0.664363632540208,0.129674187216117,0.506070598221442,0.437732970605479,0.795415918184348,0.274254076661082,0.943575412940111,0.674519158540476,0.403073088601251,0.643376732031762,0.633128164400538,0.693615944453609,1.03249231495905,0.860459373040568,1.03398500028846,0.88076651868221,0.728978669452467,0.458921520237864,0.339077755145355,0.0362491624980529,0.500651666955129,0.744661666762821,0.458922714836632,0.854760630389703,0.544123446727109,0.555163702444958,0.925611367940562
"28",0.200733116651175,0.197628492345403,0,0.311573568877918,0.287384150173899,0,0.161307198659136,0.096815880983627,0.193814692811165,0.202860881664742,0.669056254399635,0.283882415822065,0.23752289479704,0.227911042615578,0.0193420550861679,0.0129562213561512,0.585253971608842,0.1477166752857,0,0.487830648196233,0.331858728082297,0.385972064318664,0.4110084555293,0.0579062640392438,0,0.267861460533151,0.472256190929653,0,0.441060205601747,0.251542613781313,0.466706733182302,0.453801675033243,0.376158353025827,0,0.393792706373901,0.407852491873809,0.122771375826368,0.412545113733236,0.347166263768514,0.142678510536551,0.0861925936928519,0.271405775616968,0.167140058001907,0.189100084514475,0.197882288375374,0,0.235521658492399,0.156971392523515,0.198600356301549,0.377789831163359,0.251120616412589,0.402411574170232,0.727126039707235,0.383659166810898,0.300583193426991,0.298897928663645,0.237121689266813,0.0509272290489334,0.0702243490352296,0.322004999903846,0.362197293818407,0.0619119918543404,0.623165217834209,0.177999906971797,0.223345040878297,0.392278034607229
"29",0.217095936277541,0.138792331115282,0.095440167186338,0.160574082007961,0.388035817129029,0.0484389871022141,0.156128012261739,0.165465703876564,0.300245235448431,0,0.201194793866484,0.373097209303932,0.243730188423139,0.46462749497446,0.141347054990014,0,0.426982923727339,0.214292881986965,0,0.409835648100079,0.311911526856478,0.10797706422251,0.153258548121888,0.135589068858424,0.104077456055439,0.62658291279588,0.321387230540734,0.0313550839827061,0,0.578668653488547,0.406247360141735,0.597696965873542,0.0611089425922298,0.038394898959299,0.253355177010909,0.607852491873809,0.187026468322802,0.218752407359334,0,0,0.0696106512549954,0.316204137784445,0.289911433828275,0.320450261621538,0.0625877852530345,0.410242079606778,0.358721452262729,0.251735643752734,0.0940004569722509,0.0759213839044816,0.217970465574787,0.456235235640739,0.105664166714744,0.583659166810898,0.40505256627525,0.230716590230306,0.101714739741807,0.0635442094863545,0.0868153245484056,0.477995000096154,0.277995000096154,0.247594381407144,0.239934468967273,0.0212215444197027,0.573785583323254,0.141952201129664
"30",0.370674362299617,0.458087865385971,0.481830786067656,0.612116695789274,0.510040817032875,0.1203290100129,0.371869156166101,0.631681966162004,0.725633354377826,0.147094130483601,1.08431083376603,0.343146994996149,0.626194561367553,0.409946997616029,0.448994377931028,0.121543322688537,0.62077563010124,0.251009334345847,0,1.02628502133296,0.662911013726436,0.464305022393378,0.713963156610887,0.431431891287138,0.234429194994278,0.720918746081136,0.893718063922144,0.363173745549367,0.337807613057236,0,0.737299645785874,0.718187294010715,0.35862272597024,0.291097911737652,0.766123539755312,0.963842492066118,0.427240748674627,0.807532613973621,0.196275316942331,0.214037799062644,0.0208721369242549,0.395393931747084,0.184995562957682,0.477228624173632,0.640377616416393,0.465580412843957,0.674519158540476,0.0848638081532717,0.523652779817111,0.664723576956032,0.665946777835019,0.78216648148149,0.993792706373901,0.689323333525642,0.441769018634133,0.747709090374537,0.349331107586215,0.0961540091603732,0.182465567543182,0.767318333621796,0.794987500240386,0.47406875415925,0.799422297152524,0.628325740449362,0.44557328979331,0.86013949514038
"31",0.276788933395587,0.641747032196869,0.577361413219397,0.47605191038552,0.693699983843773,0.346483504864817,0.260683938716509,0.755968013755044,0.536961687807314,0.343258344512098,0.81764416709936,0.504149494948072,0.46519206141563,0.670028346162402,0.672737298612713,0.415541197995233,0.59146126523494,0.139886169849155,0,0.987287521284879,0.596244347059769,0.332057942882755,0.87496565656281,0.465308351531827,0.142824813779442,0.720918746081136,0.682389730492657,0.500433324819605,0.255886367024177,0.866797193147705,0,0.598463341796064,0.452958559255497,0.534021657722633,0.408916759259255,0.636716452358883,0.656104709159701,0.825068241029207,0.0473494462640456,0.176235092881051,0.213150171531484,0.180139352380691,0.611150057809599,0.0994168065730092,0.173710949749727,0.704577912892034,0.885847491969963,0.273197516745225,0.757619700027201,0.598056910289366,0.433156571413041,0.726828148244311,0.460459373040568,1.06165416690705,0.694375899800892,0.728978669452467,0.5505259014527,0.0766352258785168,0.102189519757833,0.633985000288463,0.689323333525642,0.291604381214836,0.932755630485857,0.622118446823263,0.342640575148986,0.406315833669873
"32",0.146462957158334,0.431613492633866,0.341839754726998,0.359059410241289,0.471043316984797,0.346483504864817,0.399966740728653,0.63048717229552,0.870295021140647,0.538605789168308,0.739649167003206,0.572010955481222,0.704189561463707,0.429385647866614,0.599863338319947,0.312586496913646,0.922513550879079,0.210457096015462,0,0.709292521188724,0.596244347059769,0.536841024707583,0.769301489848066,0.498098557953805,0.0714655252533488,0.826582912795879,0.693718063922144,0.404902697667865,0.256314784968139,0.800130526481038,0.617575693571222,0,0.368305861152017,0.41353132958546,0.8,0.75251415863663,0.477566582152192,0.835201780592211,0.0507852213040882,0.55477321988856,0.346483504864817,0.469782563806521,0.55382856834615,0.351297378332882,0.428711325008346,0.532247079510623,0.674519158540476,0.378861683459968,1.06134077703131,0.560254204107773,0.302194745734304,0.9544973148629,0.64913103961108,0.744661666762821,0.87803506661179,0.806973669548621,0.623850266126691,0.0537207340722535,0.0401754084349575,0.767318333621796,0.744661666762821,0.338003968755496,0.526439796815984,0.440740327701559,0.36952137940779,0.754475328425636
"33",0.150389203095239,0.309499952686246,0.376166619352913,0.419518783281856,0.615704983747618,0,0.403402515768695,0.468696309983811,0.564630854425903,0.436417464009242,0.773525627247895,0.370816161614738,0.559527894700886,0.506694405071518,0.441570304001181,0.220531711317584,0.487442296767907,0.23968100091636,0,0.870295021140647,0.408658934311967,0.314184357848608,0.64729648994422,0,0.138898567842537,0.709590412651648,0.56659202421491,0.190414494223995,0.564710403753304,0.800130526481038,0.898302145737796,0.700201262573903,0,0,0.631595412555494,0.802839992114195,0.671359288526093,0.64140907421831,0,0.40390425949964,0.213150171531484,0.384065598317596,0.422478391239087,0.705664166714744,0.312913618730599,0.59891374617729,0.846849991921886,0.803073088601251,0.39074786442774,0.291175963270874,0.176623444309377,0.695232735688816,0.37233083338141,0.716992500144231,0.386430685396954,0.552721590134152,0.435116546603279,0.0565289259978982,0.0619351728903723,0.450325833477565,0.29553062715174,0.284630711666215,0.507367511556462,0.479737827749636,0.462342540926374,0.592278034607229
"34",0.181660831391652,0.164180450044677,0.0455427516527356,0.302228391674701,0.136064785403754,0,0.0672912432740674,0.21067049755074,0.0814928280890965,0.0131662762723948,0.279189793962638,0.248811161710892,0.437842772697229,0.120754190571426,0.183832569279747,0.114039382308147,0.0628024736826618,0,0,0.407104196029659,0,0.06682639865536,0.235499672055135,0.00990154476650917,0.0203365750644656,0.175806674937089,0.545130151222419,0.0342428252357508,0.115054814586667,0.430080740788822,0.0892548599975033,0.399211637640214,0.226484186503391,0,0.278743295940304,0.242923745984982,0.150738433907881,0.669078240836899,0.0169332925475366,0.0744751856659478,0.0271225552997073,0.410539971069702,0.0330403487460522,0,0.354008950247735,0.148587912699725,0.305664166714744,0.0603945780647005,0.0493519634121589,0.242495328041019,0.0511206164125892,0.438699608585153,0.410133539563003,0.266666666666667,0.00624736014173449,0.277098097692594,0.331633153861041,0.0317084683580723,0.151717177124326,0.316992500144231,0.334528127199818,0.27565189945406,0.24646164049356,0.438797237990925,0.101809787482025,0.245633211618138
"35",0.42221697608093,0.420285159204378,0.549692246600807,0.623742920681685,0.269398118737087,0.346483504864817,0.395314185384862,0.581784550628402,0.301759907215103,0,0.583659166810898,0.292821161518584,0.515837772793383,0.503516454978763,0.413156747897333,0.200006807244289,0.501051677886589,0.323883294638613,0,0.736961687807314,0.313106320722962,0.332108336332521,0.277246704252004,0.448967518342725,0.0687340731829284,0.720918746081136,0.760384730588811,0.289104991390118,0.0917059169794999,0.484332820203291,0.236625992393481,0.587135008366576,0.291956059303574,0.220526985571344,0,0.387585412747803,0.477566582152192,0.768535113925544,0.0550714116568166,0.172308846944146,0.0662255371578406,0.185151852140306,0.241957108005307,0.178926478435836,0.177597129170996,0.5712445795587,0.414059785499908,0.163607104093576,0.34900083223087,0.454590037393029,0.502194745734304,0.543168981433413,0.621461872992491,0.767318333621796,0.276840272745306,0.452178463222796,0.171969694366819,0.0346083822970953,0.0831392209355748,0.767318333621796,0.850325833477565,0.126675635326008,0.721427297056369,0.505554364622994,0.207792570048981,0.500651666955129
"36",0.281459568817749,0.508413698863536,0.75982578616381,0.890111695885428,0.815704983747618,0.346483504864817,0.270131235388262,0.601623211810446,0.536961687807314,0.414955591016751,1.13964916700321,0.554475328425636,0.837522894797041,0.64514877820824,0.98744875106775,0.403464568721595,0.781778130053163,0.298495175709218,0,1.19861585471437,0.812585180248871,0.295900434948872,0.624639823085245,0.631431891287139,0.0620983616128675,0.904577912892034,1.13271556397022,0.27777665796063,0.481274485953572,1.10579469319578,0.515837772793383,0.840192293914561,0.503284392733061,0.217029157578402,0.744661666762821,0,0.860030955096606,0.69054011382939,0.196275316942331,0.292032799158798,0.252147671579561,0.372737264888109,0.75581172457242,0.580161338817956,0.567503656123628,0.810242079606777,0.98018332525522,0.508737255315995,0.660912359087349,0.703721077004109,0.482287611024121,1.1381564816738,0.860459373040568,1.1673183336218,0.853097352063621,0.845971169596698,0.466323607730447,0.111408588526765,0.131053480242907,0.767318333621796,0.928320833573719,0.391061254303481,0.799422297152524,0.972987407212182,0.539909123078566,0.764608867988639
"37",0.284917330295056,0.352423698671227,0.0779045401307517,0.373119195741196,0.327576444088461,0.123038475646056,0.229619063573513,0.396610712050832,0.405909402163175,0.0527582971983442,0.700651666955129,0.304149494948072,0.653863727986143,0.532808833407799,0.383842383031033,0.106248676806509,0.556390011123768,0.0922878820831187,0,0.926828148244311,0.745918513582205,0.516145527637614,0.547839616855575,0.274653528735044,0.111229401223948,0.670592912603571,0.81572306382599,0.229840412216034,0.497593332705411,0.673004486773804,0.561042566467559,0.669056254399635,0.665481686551468,0.134319549185557,0.315797706277747,0.830509158732784,0,0.874199280640288,0.333534896212569,0.268587769940037,0.112904936083053,0.348543939825197,0.472804224716651,0.286911759355409,0.278608740541949,0.532247079510623,0.568854991825732,0.334423265708314,0.484655279769034,0.633128164400538,0.493615944453609,0.599702108537076,0.727126039707235,0.716992500144231,0.519764018730287,0.552721590134152,0.444861734737956,0.339077755145355,0.102189519757833,0.477995000096154,0.689323333525642,0.364586881551375,0.983081463963421,0.225914166279129,0.104837868967393,0.251092209400087
"38",0.261083949647969,0.458087865385971,0.798823286211888,0.612116695789274,0.960366650510439,0.156617044427821,0.239622076655478,0.479618211906601,0.687830648196234,0.603627257587264,0.911980000384617,0.437482828281405,0.798525394748964,0.978482111541573,0.842787084304929,0.388209989355203,0.832103963530728,0.268544961401434,0,0.959618354666289,0.901908513774513,0.534897934996949,0.969301489848066,0.19864168486516,0.216893567938692,0.904577912892034,0.605589524262987,0.144443324627297,0.620815112913005,0.972461359862449,0.938494439652358,1.07918979396264,0.442825019692493,0.189359990959812,0.686933745792673,0.713516658588553,0.993364288429939,0,0.191582695082904,0.414037799062644,0.0988671370204091,0.345068098269519,0.743397137320222,0.580161338817956,0.343760735441943,0.543575412940111,0.98018332525522,0.687275382323504,0.632048398602275,0.625726076907955,0.693615944453609,0.821163981529567,0.860459373040568,0.928320833573719,0.719764018730287,0.63464283616721,0.309247353715428,0.13515150920845,0.0659014853429126,0.633985000288463,0.716992500144231,0.513066254207327,0.960424797104447,0.644666573638464,0.628037662737723,0.870273034703383
"39",0.0695553077716066,0.0323617884780161,0.0296523228448597,0.0877001217151953,0.15251415863663,0.00295995838500348,0.00484981089394603,0,0.217986031436812,0,0.168404587444506,0.144233248818859,0.168444653960142,0.320325772627463,0.0777497983723272,0.00484981089394603,0.127526050638694,0.0503307740778114,0,0.0982620792221608,0.227240748674627,0.0371740758105003,0.00902529930302927,0.0149775774540153,0.136052440529328,0.280276047785348,0.115049410433597,0.0621523204271285,0.0179875292309904,0.269078240836899,0.12626920381931,0.295788452099029,0.156857911879494,0.0129555880849845,0.00497243324397887,0.242923745984982,0.15161725623307,0.0779950000961542,0,0,0.00459684067560601,0.0136778546468201,0.144145433164373,0.0896432114258297,0.0163747396593488,0.105664166714744,0.17233083338141,0.231774722416737,0.0493519634121589,0.0884264311220816,0.0752919550382365,0.117780862504017,0,0.183659166810898,0.0491711061267161,0.171902415437448,0.0323967540359916,0.00267013861200244,0.0668851691596041,0.0503258334775646,0,0.280813005773085,0.183659166810898,0.0249963743250218,0.329049274108676,0.0120947093520095
"40",0.249824089746619,0.286951825871045,0.288038079693755,0.412116695789273,0.815704983747618,0.068956989228261,0.238237931369844,0.188758220177023,0.756778362552095,0.242286799656781,0.802389587732968,0.092821161518584,0.414866227938066,0.751899198745694,0.469261457057034,0.106419269803183,0.724794598568274,0.14415037376462,0,0.975959187855391,0.513236847204001,0.267762783870684,0.653503783570319,0.227465578834598,0.188029607453618,0.79891374617729,0.61572306382599,0.332028737375099,0.303034250408987,0.683138026336807,0.35483527284146,0.653801675033243,0.611229607136999,0.140228951348732,0.206207293626099,0.697175825399451,0.436585925877845,0.796204280544134,0.202911028512392,0,0.174152671483407,0.153218481606252,0.344911809086895,0.256961545047625,0.0867591238786818,0.39891374617729,0.568854991825732,0.667030289634761,0.444891403798435,0.4958685851303,0.191427619294543,0.632492314959054,0.621461872992491,0.555990000192308,0.48076651868221,0.679847629841386,0.177000274204805,0.0681869510788596,0.023874641761491,0.450325833477565,0.622656666858975,0.570794175177474,0.66608896381919,0.369809457119428,0.44557328979331,0.528320833573719
"41",0.0167799647362452,0.0042642039154643,0.268181338433339,0.124736451974266,0.235071254111173,0.00740574971946234,0.0167799647362452,0.133333333333333,0,0.07680020622967,0,0.00816846341510489,0.133333333333333,0.212250031742487,0.202166372446405,0.0167799647362452,0.142780630005086,0.324399528237061,0,0.203926245936905,0.023445029218761,0,0.133333333333333,0.0211360250545472,0.00872510452358667,0.109590412651648,0,0,0.0426728229849415,0.0705929126035712,0.162197293818407,0.319661899261752,0,0,0.161002499951923,0,0.152681523618516,0,0.00257994769743248,0,0,0,0.0442601421317655,0.207282471649547,0.00855404797408949,0.148587912699725,0.17233083338141,0.0498157350781312,0,0.154664679844786,0.253932201514281,0,0.133333333333333,0.183659166810898,0.133333333333333,0.115369288333785,0.0323967540359916,0.00802427490244787,0.00875568983379725,0.0830074998557687,0.206207293626099,0.0386375556322533,0.0597731301493174,0.0639938743730989,0.199831538131397,0.105664166714744
"42",0.134008303390501,0.363752032100715,0.783568706845496,0.595775862600171,0.693699983843772,0.346483504864817,0.129802246069044,0.582870804451112,0.671381274963357,0.507032363050077,0.81764416709936,0.170816161614738,0.509202061223322,0.551899198745693,0.515661044597694,0.196022414713377,0.684710844697487,0.347288257341738,0,0.70536627525182,0.696787473971124,0.228427325844048,0.733779831355667,0.498098557953805,0.0531415358379766,0.622656666858975,0.632063897015092,0.406525909478311,0.469946152524085,0.600130526481038,0.533373399848969,0.488106553221893,0.369951059399728,0.100036657434171,0.557076254015018,0.435521658492399,0.624509296604207,0.651542613781313,0.190856385676018,0.222188182399377,0.346483504864817,0,0.374862023394679,0.360214137592137,0.154940462312021,0.543575412940111,0.702188325159065,0.504513117916166,0.721331665612281,0.520061910193211,0.393821113386404,0.522901902307406,0.610133539563003,0.500651666955129,0.756030066707944,0.648252217285892,0.35325735352312,0.0748627291645562,0.0549395169044875,0.344661666762821,0.528320833573719,0.457727920970148,0.565437296864061,0.473530534123538,0.396442250182229,0.785282378621344
"43",0.188998351714989,0.430418698767382,0.460368913075165,0.38715699480384,0.288578944040384,0.065935328318131,0.179293230095948,0.256939558610362,0.403519814430206,0.273922278727911,0.584853960677382,0.15675637611483,0.534139775771491,0.350344460463386,0.286437139696797,0.437341028966284,0.272187717401515,0,0,0.365825648292388,0.0612658154787256,0.323569601567462,0.653503783570319,0.232648671590887,0.0398701126978546,0.315797706277747,0.721387230540734,0.225936152716393,0.29095762113535,0.414059785499908,0.377383399656661,0.424149352188383,0.193693980081413,0.170309692137554,0.564140383529042,0.520918746081136,0.283773875778291,0.58607074098113,0.000201562879235306,0.355201637832522,0.0356982983466848,0.37152048458436,0,0.267095084610629,0.47547085696483,0.759916246129213,0.670592912603571,0.154690344834321,0.290524615416572,0.405458997781949,0.291204370283376,0.487830648196234,0.754795206325824,0.344661666762821,0.60396631245254,0.601852629745232,0.390700115288889,0.0650090009861053,0.0375060093174368,0.716992500144231,0.877995000096154,0.326675635326008,0.274577305134483,0.391699748055881,0.149574178181971,0.557184794058793
"44",0.37897335219576,0.402749532148792,0.449040579645678,0.435859616470958,0.605571444184615,0.346483504864817,0.364278979302344,0.605977875691313,0.477995000096154,0.281604177605046,0.729515627440203,0.343146994996149,0.555601648763982,0.604916417778043,0.219004097107608,0.126476273120751,0.21913043185353,0.0971110304235834,0,0.975959187855391,0.592318101122865,0.223644244019219,0.537706077292572,0.312136357016449,0.186514935686946,0.520918746081136,0.584127651270496,0.172112491245886,0.197370083694244,0.61647135967014,0.221033455048529,0.302932714644323,0.343368146603848,0.283695824245069,0.460419306524932,0.605121039803389,0.469714090278383,0.66013949514038,0.0417999885166947,0.203904259499641,0.346483504864817,0.0884044446848176,0.493071303842658,0,0.185489687560441,0.337259579270238,0.663190825110988,0.25841142183843,0.706077086245889,0.400766375922522,0.278811769468443,0.715499814814823,0.410133539563003,0.755990000192308,0.484242360237889,0.514918883952559,0.241345826666642,0.040159102092422,0.0344766657840923,0.394987500240385,0.489323333525642,0.148137508318499,0.654760630389703,0.48878511348993,0.408518879455867,0.582144495044226
"45",0.331958804764163,0.00469262185942653,0.1581805879161,0.401216780303748,0.233240610803205,0.00406495040362614,0.0154457974295838,0.0393638650391396,0.0631908251109883,0.0429847020511647,0.310334802136906,0.235071254111173,0.462780487245398,0.144925529197073,0.216204171509049,0.338307633221354,0.21913043185353,0.0416641571426301,0,0.207104196029659,0.0842423602378887,0.0884983474562889,0,0.0864038595332551,0.0253935370101985,0.0982620792221608,0.34000911141903,0.167826300893158,0,0.441409074218309,0.378578193523145,0.195285391703309,0.119156741462565,0.0904462110579184,0.372290766865775,0.42658291279588,0.363283547641117,0.474199280640288,0,0.307585269988114,0.00637779828137011,0.16529511087989,0.12225514222792,0.394221124317863,0,0.415254579366392,0.36535716383279,0.0681165434574715,0.0187549890248888,0.44946899758964,0.114609332986502,0.42856606902215,0.382464372944414,0.161002499951923,0.235111320626808,0.206505185089023,0.129738910175974,0.0503195012437282,0.331053480242907,0.37233083338141,0.17233083338141,0,0.11233994480044,0.163173745549367,0.15757527661519,0.563392087684891
"46",0.325469568625441,0.641747032196869,0.61516411940099,0.890111695885428,0.693699983843772,0.240819338150073,0.188209989355203,0.601623211810447,0.475307520900262,0.45047724950915,1.21764416709936,0.687808661758969,0.970856228130374,0.794822944730675,0.891918123916009,0.258802901958774,1.09877063019739,0.356673501060591,0,1.22628502133296,1.19624434705977,0.569969189108121,1.04729648994422,0.392434391239061,0.350226901272025,1.03791124622537,1.13271556397022,0.355771658056784,0.770597819479214,0.733463859814371,0.976297145833951,1.06284896077354,0.769951059399728,0.189359990959812,1.01525457936639,1.06950665878086,0.793364288429939,1.0465301140217,0.400201562879235,0.386368632444054,0.346483504864817,0.634391431795161,0.904399637272145,0.477228624173632,0.566308862257144,0,1.12484499201804,0.619413921790353,0.825841104976176,0.570387743670776,0.61060844459784,1.27148981500713,0.993792706373901,0.900651666955129,0.558761518778364,0.901309502833877,0.541929020093633,0.155418588334457,0.225389313528163,1.03398500028846,1.06165416690705,0.563392087684891,1.19942229715252,0.693797613249544,0.677168702348804,1.10927053475146
"47",0.536797902054929,0.591421198719305,0.582482453022785,0.546644822989091,0.643374150366208,0.144968833098145,0.507933941569855,0.524823005580776,0.592300021044493,0.32563225749111,0.84531333371795,0.448811161710892,0.559527894700886,0.984689405167672,0.627532504938537,0.254448238077908,0.832103963530728,0.317676001012514,0,1.09295168799962,0.651582680296948,0.290779395145483,1.00829898989614,0.314439391142907,0.177896067890614,0.79891374617729,0.81572306382599,0.355771658056784,0.287481779579671,1.02779969309963,0.709630479167284,0.840192293914561,0.625289392636907,0.226842819241217,0.582464372944414,1.05817832535137,0.648702621667118,1.03520178059221,0.0313465710535033,0.241706965681233,0.114459674365361,0.400406431506698,0.344483391142932,0.716226124221709,0.613136867741766,0.810242079606777,0,0.242070588649328,0.658500784917116,0.715049410433597,0.387951777738865,1.03249231495905,0.993792706373901,0.633985000288463,0.558761518778364,0.762963669740929,0.591060059704713,0.176880461326948,0.197720146909574,0.450325833477565,0.928320833573719,0.358271047881503,0.849748130630088,0.622118446823263,0.415492549004488,0.70927053475146
"48",0.058734428430636,0.297085365434048,0.373845505148083,0.0877001217151953,0.178988531388735,0.0376863277239938,0.089113060682382,0.240620711858523,0.245186713595804,0.00247253023641537,0.500651666955129,0.0273492887184015,0.149394355137883,0.0528927300382747,0.393615978178213,0.0864035950492256,0.184059177742357,0.125506506449059,0,0.203926245936905,0.411368399945123,0.0627722705483338,0.425366132492131,0.333061272021204,0.178982321713325,0.396073754063095,0.41572306382599,0.320998295408536,0.305743716042144,0.137259579270238,0.375828661374353,0.174251936654781,0.318408445618415,0.180781189679117,0.0977935947625629,0.297175825399451,0.165226637351751,0.431275534655306,0.400201562879235,0.246359521025024,0.0241857144557075,0.197337021457718,0.114064692375551,0.145090084706783,0.26371410559138,0.359916246129213,0.38018332525522,0,0.356356432632579,0.472125664448615,0.185540203568633,0.223445029218761,0.47680020622967,0.211328333429487,0.522045066419482,0.426412319799206,0.18250966543652,0.0419019297459041,0.0113915809811551,0.477995000096154,0.466666666666667,0.0315734261182301,0.498770630197394,0.3655853197196,0.169161434991966,0.395753876162907
"49",0.368176234522874,0.308413698863536,0.518416711945501,0.371564457458888,0.292054785596062,0.0249838905667792,0.0782751981497564,0.307973621416441,0.141974187566928,0.122494373913991,0.126675635326008,0.399680122099812,0.734139775771491,0.251806476215565,0.475108806267309,0.369371028389359,0.458127931901607,0.291201628260409,0,0.349376275059511,0.0573214894634493,0.104479236229567,0.319701965777388,0.345754992313849,0.0275433411001431,0.373525627247895,0.499925357548243,0.290001893793678,0.108155290212376,0.541952201129665,0.154366788381862,0.504875804354958,0.316127397929221,0.154354566065862,0.383619100295262,0.376257079318315,0.440850129793309,0.391083240740745,0.0155219714628493,0.234282891751386,0.0241857144557075,0.172697198372473,0.151547520656956,0.351257311817246,0.0602343576768096,0.493249579462546,0.61284300519616,0.0684364213576596,0,0.687380243815007,0.457778314419914,0.117780862504017,0.727126039707235,0.450325833477565,0.348947857115549,0.652178463222796,0.507732681948756,0,0.331053480242907,0.583659166810898,0.516992500144231,0.0881065532218935,0.482429797008292,0.287121835163847,0.274139358815459,0.367318333621796
"50",0.36687864284375,0.293159119497144,0.532156619545221,0.499028455144683,0.510040817032875,0.0461982029007506,0.401481412495325,0.493227593025282,0.616042941726178,0.457879337001733,0.778646667051283,0.465151994899995,0.890129775963799,0.545691905119595,0.427532504938537,0.428892754166626,0.504977923823493,0.204609746805187,0,0.853954187951545,0.745918513582205,0.620614900485874,0.824639823085245,0.128048772261589,0.208274700142361,0.987585412747803,0.717460984603829,0.317968951875191,0.486264999275923,1.0667971931477,0.870632979119207,0.974720421114379,0.539870318610906,0.122693324293146,0.938454373136722,0.963842492066118,0.839763875970599,0.8628709472108,0.120651824500773,0.599978013562736,0.346483504864817,0.717398931650929,0.521935264327732,0.663597256617686,0.426768235297712,0.437911246225367,0.713516658588553,0.53248017599768,0.570502771738997,0,0.513432619198389,1.08783064819623,0.727126039707235,0.900651666955129,0.625428185445031,0.779304502930031,0.297450535826343,0.339077755145355,0.0468111200050184,0.633985000288463,0.689323333525642,0.747051254495789,0.685437154104373,0.599461779964288,0.628037662737723,0.792278034607229
"51",0.132065213679866,0.197628492345403,0.320828286115733,0.517780862504017,0.454702483795695,0.346483504864817,0.37705224892239,0.640987076849586,0.491648354089364,0.582295911075811,0.900651666955129,0.609813661662815,0.563003736256565,0.390896698793771,0.345999610333804,0.145456836366895,0.733841884308567,0.243178828909302,0,0.938156481673798,0.58839185518596,0.28154275798604,0.625834616951729,0.366279896387144,0,0.509590412651648,0.760384730588811,0.261435824771528,0.325352959289403,1.0667971931477,0.449171106126716,0.560642555536099,0.168756265533244,0.0861474649309367,0.836247967899285,0.568854991825732,0.315369288333785,0.784875947114646,0.0930227243978194,0.350846973951656,0.346483504864817,0.611734764936186,0.618980563246144,0.469826536681049,0.354620584411833,0.304577912892034,0.474519158540476,0.337921093701257,0.752200768760889,0.256871085082223,0,0.926828148244311,0.582464372944414,0.794987500240386,0.72716610622287,0.601852629745232,0.462785713221869,0.0348197201535092,0.0542132074976013,0.661654166907052,0.755990000192308,0.155539595811082,0.471101463578805,0.597180732275094,0.357106792155592,0.521685122003658
"52",0.409671862347694,0.497085365434048,0.654161619449067,0.145450029122607,0.749038317080952,0.0746957983947619,0.458802901958775,0.663277378717499,0.504171481385336,0.3245460036684,0.900651666955129,0.448811161710892,1.07652039484512,0.623686905215749,0.586253957201265,0.217073949840277,0.503783129957009,0.145345167631104,0,1.08162335457013,0.823913513678359,0.28064585558248,0.84729648994422,0.421298351724135,0.197712742635395,0.79891374617729,0.893718063922144,0.510566864382608,0.808400525660807,0.855468859718217,0.670632979119207,0.706858960581228,0.68182251974057,0.151557284778219,0.55360041245934,0.936173325447528,0.477566582152192,0.729537613877467,0.312073023220078,0.420353632732517,0.180359965109506,0.285803519095435,0.332068803890735,0.582892790888376,0.33471344970165,0.810242079606777,0.75251415863663,0.166356636242368,0.400452986046781,0.942718577052186,0.321285111072198,0,0.993792706373901,0.900651666955129,0.515837772793383,0.6623120027858,0.30412631391204,0.205744421812022,0.0705941072023392,0.633985000288463,0.928320833573719,0.363392087684891,0.682429797008292,0.333989907164105,0.19917370225265,0.676480328329482
"53",0.353138735244031,0.641747032196869,0.665489952878554,0.756778362552094,0.827033317177106,0.213150171531484,0.353138735244031,0.863277378717499,0.83129752109257,0.556141416223894,1.21764416709936,0.421141995092303,0.970856228130374,0.939484611493496,0.786253957201265,0.364467068673518,1.09877063019739,0.423340167727258,0,1.19861585471437,0.784916013630282,0.456902934900795,1.04729648994422,0.325767724572395,0.350226901272025,1.03791124622537,0.999382230636888,0.433766658152939,0.64347177977198,1.34479219324386,0.948627979215361,0.945856460629305,0.415155853073904,0.534021657722633,0.776257079318315,1.06950665878086,0.965695121811349,1.17986344735503,0.266868229545902,0.664363632540208,0.346483504864817,0.623063098365673,0.665402137224068,0.66088779098453,0.694629695830863,0.943575412940111,1.12484499201804,0.669739755267918,1.00950027178707,0.67605191038552,0.521285111072198,1.27148981500713,0,0.955990000192308,1.06442568549311,0.63464283616721,0.587242353811583,0.0622775489156849,0.131053480242907,0.633985000288463,0.477995000096154,0.618730420922071,1.06608896381919,0.822118446823263,0.782832869063548,0.975937201418127
"54",0.302812901766466,0.458087865385971,0.932156619545221,0.67878336245594,0.827033317177106,0.213150171531484,0.536797902054929,0.863277378717499,0.992300021044493,0.356141416223894,1.08431083376603,0.092821161518584,0.970856228130374,0.889158778015931,0.786253957201265,0.486472068577364,1.04844479671983,0.373014334249693,0,0.775959187855391,0.796244347059769,0.339910434756564,0.996970656466656,0.631431891287139,0.111229401223948,1.1712445795587,1.13271556397022,0.633766658152939,0.89260281938306,1.00013052648104,1.21529464588203,0.734528127199818,0.58629189258883,0.189359990959812,1.01525457936639,1.2028399921142,0.832361788478016,0.940865947306954,0.266868229545902,0.797696965873542,0.162824338053919,0.395393931747084,0.348409637079837,0.727554457651197,0.4606446955424,0.676908746273444,0.858178325351374,0.513749755075609,0.798171938357586,0.942718577052186,0.560282611120275,1.1381564816738,0.782464372944414,0,1.06442568549311,0.6623120027858,0.486590686856453,0.122736921956253,0.114712647053805,0.767318333621796,0.661654166907052,0.485397087588737,0.932755630485857,0.454800113201467,0.57150453563406,0.975937201418127
"55",0.529395814562346,0.458087865385971,0.5874949527824,0.551657322748706,0.499907277469871,0.136349965301814,0.486472068577364,0.679618211906601,0.387178981241104,0.311684918393868,0.606315833669873,0.448811161710892,0.921725188519294,0.61856586541236,0.540598759145864,0.247474568529287,0.789180217545746,0.384342667679181,0,0.909292521188724,0.669118307352535,0.502107728574971,0.785642323037168,0.231431891287138,0.107303155287043,1.06558041284396,0.471061397063169,0.467643118397627,0.599353239920514,0.722135526384884,0.539580693475068,0.876458341892218,0.769951059399728,0.0458931180634757,0.655338333237179,0.724844992018041,0.421033455048529,0.940865947306954,0.0730755231720008,0.186368632444054,0.0938546372607945,0.436672479484355,0.521935264327732,0.414037799062644,0.169784703812822,0.437911246225367,0.485847491969963,0.338687469623779,0.282694109980027,0.637054410337443,0.799280111168353,0.589568568974073,0.860459373040568,0.900651666955129,0,0.501309502833877,0.403583187000685,0.339077755145355,0.182465567543182,0.633985000288463,0.928320833573719,0.391061254303481,0.749096463674959,0.396730327893868,0.339909123078566,0.419947201225819
"56",0.125131610646881,0.391421198719305,0.244028079886063,0.223445029218761,0.576707483699541,0.0723526977526679,0.153098668728395,0.159894259691949,0.455040441774255,0.267246500642214,0.87298250033654,0.370816161614738,0.26519206141563,0.486427325945511,0.421325211312438,0.0930677136317893,0.581778130053163,0.253290382035042,0,0.765825648292388,0.56966143426389,0.186310022297224,0.582910870966748,0.0933658695787429,0.166567734461127,0.738454373136722,0.482389730492657,0.197478623738018,0.498810113009159,0.729537613877467,0.753640478974976,0.729515627440203,0.449032313318592,0.129329035863207,0.410133539563003,0.802839992114195,0.31144304239688,0.846530114021698,0.266868229545902,0.15477321988856,0.0534045183989449,0.38634664600679,0.222478391239087,0.196502172007058,0.478608740541948,0.493249579462546,0.591511658684707,0.400301570015195,0.621914859039271,0.531390243622699,0.28849490465022,0.821163981529567,0.515797706277747,0.583659166810898,0.558761518778364,0,0.254995274300959,0.155847006278419,0.0757151470057279,0.500651666955129,0.411328333429488,0.365673135374085,0.882429797008293,0.466128446630955,0.500145247107967,0.392278034607229
"57",0.224134172995408,0.107607256425378,0.254161619449067,0.416769251133064,0.45971498355531,0.0338197758052965,0.0555125054633538,0.361797282886948,0.212116695789273,0.303254723672583,0.684310833766027,0.166889915677834,0.594599148812059,0.329670949830681,0.192803115164816,0.357467506328741,0.21913043185353,0.033833651706085,0,0.638699608585153,0.275325600978634,0.217139058930196,0.289323333525642,0.100001581148804,0.0423963621108758,0.0288639604850738,0.737728063729836,0.195197576048824,0.241488623545709,0.479211780399902,0.539580693475068,0.414804174985166,0.231885037691332,0.0281951643383015,0.675245467947362,0.520918746081136,0.473640336215287,0.779863447355031,0.0407098283350924,0.319701965777388,0.213150171531484,0.379394962895434,0.112978438552841,0.439385851476404,0.333085297290957,0.415254579366392,0.557526658396245,0.0412641462111706,0.323016930375627,0.436585925877845,0.0651403353968615,0.638699608585153,0.327126039707235,0.450325833477565,0.453097352063621,0.430716590230306,0,0.0264140260858341,0.197720146909574,0.316992500144231,0.256533127103663,0.223342909750226,0.238997500048077,0.47702836211648,0.375368728618065,0.733013455433145
"58",0.0351697159196314,0.107607256425378,0.095440167186338,0.152405618592856,0.184109571192124,0.0154300246219103,0.339077755145355,0.300760206998903,0.326359663784713,0.253524673120866,0.310334802136906,0.129087209496241,0.397330600882479,0.0111637779197772,0.241934154775897,0.0351697159196314,0.276113963338419,0.192082713150323,0,0.379435029411069,0.304509439363895,0.133333333333333,0.236266047977657,0.0449947853149457,0.0147271954922862,0.0916043812148359,0.350142650982033,0.209144915146065,0.270414636983683,0.2628709472108,0.302526283137625,0,0.133333333333333,0,0.429612256329224,0.207852491873809,0.209665055103405,0.353280534559152,0.0251930640532183,0.165763595339488,0.346483504864817,0.280813005773085,0.125393025805038,0.321416899601212,0.0373763945193277,0.211328333429488,0.196524158444322,0.157371403454975,0.279556226402909,0.135316489559603,0,0.366123539755312,0.133333333333333,0.316992500144231,0.302954701081587,0.176126552837277,0.32229779040911,0,0.0183897511833863,0.183659166810898,0.183659166810898,0.0386375556322533,0.238997500048077,0.153040205986364,0.175002363627002,0.298240092784897
"59",0.214500111645819,0.173525627247895,0.538814317552546,0.347691010296165,0.438361650606593,0.0241857144557075,0.224134172995408,0.198513735245831,0.121707108440922,0.238314066629002,0.450325833477565,0,0.350909026904555,0.505568084733172,0.252920623867932,0.347833444979152,0.536122931997761,0,0,0.534230235736893,0.261265815478726,0.0896931413227731,0.358699465825465,0.0724125475614856,0,0.316992500144231,0.316992500144231,0.208757076900584,0.2412604676589,0.545878447066569,0.522045066419482,0.40192110327337,0.0872233709285115,0.0891669947129954,0.395307378140573,0.563842492066117,0.694335833285256,0.316992500144231,0.0284040089332902,0.573954045191857,0.0241857144557075,0.110683087049597,0.440464422675899,0.222656666858975,0.00574091544819788,0.22658291279588,0.302188325159065,0.265087199924127,0.189683597042293,0.155093097788748,0.0651403353968615,0.591849616663267,0.47680020622967,0.183659166810898,0.523239860285966,0.258385756848895,0.068946519757093,0.0264140260858341,0,0.266666666666667,0.206207293626099,0.0795096718628264,0.243432296960215,0.203784643656605,0,0.609025299303029
"60",0.536797902054929,0.641747032196869,0.665489952878554,0.573119195741196,1.09369998384377,0.130142671675715,0.486472068577364,0.679618211906601,0.85896668771116,0.67814641612774,1.08431083376603,0.421141995092303,0.943187061511784,0.967153778112086,0.552268956912803,0.302812901766466,0.781778130053163,0.295019334153539,0,1.46528252138103,1.06291101372644,0.551238768186051,1.04729648994422,0.231431891287138,0.166567734461127,0.693249579462546,0.866048897303555,0.333114991197809,0.842276985905495,1.21145885991053,0.815294645882028,0.890518127392126,0.769951059399728,0.228357491007889,1.01525457936639,0.936173325447528,0.676371788285708,1.0465301140217,0.400201562879235,0.614037799062644,0.346483504864817,0.584065598317596,0.720740470461247,0.66088779098453,0.616634695734708,0.943575412940111,0.807852491873809,0.380416421742276,0.825841104976176,0.954046910481674,0.426949277786942,1.1381564816738,0.727126039707235,1.03398500028846,0.931092352159775,0.845971169596698,0.75325735352312,0.155418588334457,0.197720146909574,0,0.661654166907052,0.485397087588737,1.19942229715252,0.739110946967494,0.54383536901547,0.658944701273896
"61",0.353138735244031,0.669416198815459,0.61516411940099,0.839785862407863,0.960366650510439,0.136349965301814,0.536797902054929,0.863277378717499,1.09796418775924,0.466818082698252,1.21764416709936,0.370816161614738,0.704189561463707,0.833820444778752,0.937122917590185,0.309128735436339,1.09877063019739,0.384342667679181,0,1.19861585471437,0.690580180345026,0.485766895385869,1.18062982327755,0.326962518438879,0.350226901272025,1.06558041284396,0.81572306382599,0.412304785160448,0.66493365276447,1.07812552657719,1.10963047916728,0.840192293914561,0.376158353025827,0.418223951444886,0.937259579270238,1.2028399921142,0.993364288429939,0.968535113925544,0.305865729593979,0.570027799254952,0.162824338053919,0.423063098365673,0.454073803794581,0.794221124317863,0.616634695734708,0.943575412940111,0.991511658684707,0.619413921790353,0.837169438405663,0.703721077004109,0.493615944453609,1.1381564816738,0.543466872896337,0.900651666955129,1.19775901882644,0.83464283616721,0.515454647341527,0.017072755241509,0.147394313432009,0.633985000288463,0,0.36959938131099,1.09375813043778,0.877456780060442,0.610502035682137,0.975937201418127
"62",0.670131235388262,0.477995000096154,0.494353913363628,0.58715699480384,0.565379150270054,0.0506329998128887,0.670131235388262,0.607939045480319,0.436310020852185,0.318658587942489,1.03398500028846,0.373097209303932,0.710396855089806,0.612358571786262,0.688740173823255,0.380230199015144,0.859773130149317,0.319957048701708,0,0.892951687999622,0.423913513678359,0.429233768282205,0.821908371014825,0.169777724380086,0.199249400839331,0.577451873184799,0.71125369097773,0.433726591637303,0.450873867264563,0.910807192955397,0.78250443946005,0.559465841747987,0.160137397736913,0.261874006836754,0.645204793674176,0.791511658684707,0.822228248915013,0.757206780496056,0.108317370279847,0.75477321988856,0.0506329998128887,0.528727265080417,0.58348089119101,0.629292378429036,0.412302018291106,0.437911246225367,0.508395618785164,0.397185672875341,0.544348276887079,0.527463997685794,0.152430119246466,1.07148981500713,0.67680020622967,0.583659166810898,0.7084356853008,0.409254717237815,0.660802556995598,0.0432272500934264,0.331053480242907,0.533333333333333,0.256533127103663,0,0.742438765667634,0.592488110415667,0.0517805834194083,0.792278034607229
"63",0.431133735340185,0.274428698575073,0.665489952878554,0.541523783185702,0.827033317177106,0.0864745362054756,0.403464568721595,0.425474672535905,0.876502314766746,0.434136416320048,0.900651666955129,0.609813661662815,1.15451539494127,0.661489611397342,0.519587290534599,0.394017272049842,0.542780630005086,0.18269746943147,0,1.12062085461821,0.640254346867461,0.325850649256656,0.681172950188909,0.231431891287138,0.136915411616267,0.681921246033059,0.921387230540734,0.285178745453213,0.360784157816399,0.944792193243859,0.681961312548695,0.589866460436997,0.427570440326101,0.148379334685465,0.948587912699725,0.802839992114195,0.749354288622247,0.940865947306954,0.0500188453815663,0.409025299303029,0.240819338150073,0.506070598221442,0.485218811968849,0.682349663977021,0.426728168782076,0.810242079606777,0.72484499201804,0.263423921598045,0.47616693845374,0.577321346703761,0.254618444405532,0.7544973148629,0.727126039707235,0.767318333621796,0.48076651868221,0.6623120027858,0.400793588336257,0.155418588334457,0.225389313528163,0.633985000288463,0.689323333525642,0.626132508414653,0,0.37330728511237,0.37150453563406,0.842603868084794
"64",0.536797902054929,0.327914402067021,0.327035579741832,0.582464372944414,0.537709983651464,0.0555638191170321,0.190193145581473,0.18408758475486,0.262442529266838,0.0976251328939603,0.535722921066302,0.243690121907504,0.69286122803422,0.311346960415309,0.368398452245491,0.470299697256864,0.458127931901607,0,0,0.50536627525182,0.275325600978633,0.247517691181942,0.432041910577828,0.174898764183475,0.0191966020651498,0.221461872992491,0.854720563874067,0.190842912167957,0.21490571074983,0.395009486677649,0.283047566371404,0.348137508318499,0.249032313318592,0.203329316494318,0.483864335743693,0.787585412747803,0.47515500798196,0.81373990759972,0.016390980036752,0.49246121710276,0.0913136334962407,0,0.351975938600918,0.366123539755312,0.10314002358342,0.281921246033059,0.446849991921886,0.0475115063529051,0.102172826746248,0.657321489463449,0.333699698324396,0.411030441966564,0.621461872992491,0.266666666666667,0.388711733086148,0.335185963078565,0.314659864406502,0,0.331053480242907,0.394987500240385,0.32319979377033,0.00891675925925512,0.483944468774965,0,0.162547709859169,0.557184794058793
"65",0.199498256269055,0.608956825774891,0.28104242370787,0.566911902115098,0.243374150366208,0.346483504864817,0.155081824954665,0.515866179805886,0.449919401970866,0.06728656715785,0.661654166907052,0.476480328329482,0.534139775771491,0.301961716696455,0.747684875097151,0.326704429007561,0.44844479671983,0.148741459859382,0,0.832492314959054,0.31035678857417,0.136412606763621,0.610580037585337,0.295218499323975,0.298386396027788,0.677995000096154,0.588053897207401,0.0239529964901232,0.262093660650276,0.6628709472108,0.299388399560507,0.49081601885505,0.206536985277573,0.534021657722633,0.389100084514475,0.559916246129213,0.315369288333785,0.758401574362541,0.117234129539102,0.166101553318048,0.0493076794653665,0.24168497924397,0.427130946582877,0.25965293060241,0.496612852057133,0.59891374617729,0.507178838481416,0.176878527233698,0.661809261490909,0.404264203915464,0.33455653421232,0.687830648196234,0.44913103961108,0.583659166810898,0.343506939411972,0.671228762045055,0.664768869448139,0.00877376534536599,0.108076935483744,0.661654166907052,0.544661666762821,0.165673135374085,0.710098963626882,0.799101835548464,0,0.462420542829574
"66",0.337095793517853,0.536082865482125,0.427687246696961,0.523988156130116,0.615704983747618,0.346483504864817,0.380019539502834,0.526017799447261,0.26005294153387,0.285142072113624,0.806315833669873,0.421141995092303,0.527932482145392,0.693063037515572,0.519587290534599,0.419507510447773,0.671101463578805,0.276695344738167,0,1.1319491880477,0.518249346963615,0.334897934996949,0.786837116903652,0.392434391239061,0,0.720918746081136,0.81572306382599,0.237692904089843,0.708943652572162,0.989996986918035,0.234344944704286,0.696725421018225,0.769951059399728,0.307100786948194,0.451840505244237,0.619180825303297,0.268519296411899,0.940865947306954,0.284403856601488,0.322411431410544,0.101598589090829,0.387203481894715,0.425187856872243,0.439425917992039,0.220430415190575,0.810242079606777,0.724844992018041,0.195220596727442,0.432476816546237,0.759059410241288,0.489689698516704,0.572032941918486,0.860459373040568,0.900651666955129,0.558761518778364,0.445971169596698,0.62732610768237,0.154630225974671,0.140398657446124,0.450325833477565,0.928320833573719,0.352063754255404,0.932755630485857,0.525371039367774,0.135982877141661,0
